<?xml version="1.0" encoding="UTF-8"?>
<!DOCTYPE hibernate-configuration SYSTEM 
    "http://hibernate.sourceforge.net/hibernate-configuration-3.0.dtd">
<hibernate-configuration>
	<session-factory>
		
		<property name="hbm2ddl.auto">update</property>

		<property name="dialect">org.hibernate.dialect.OracleDialect</property>

		<property name="connection.url">jdbc:oracle:thin:@10.155.109.186:1521:XE</property>

		<property name="connection.username">amsuser</property>

		<property name="connection.password">amsuser</property>

		<property name="connection.driver_class">oracle.jdbc.driver.OracleDriver</property>
		<mapping class="com.cognizant.entity.Manager"/>
	

	</session-factory>
</hibernate-configuration>